{"1":0.08421052631578947,"2":0.021052631578947368,"3":0.031578947368421054,"4":0.031578947368421054,"5":0.010526315789473684,"6":0.010526315789473684,"7":0.0,"8":0.0,"9":0.0,"10":0.021052631578947368,"11":0.05263157894736842,"12":0.10526315789473684,"13":0.0,"14":0.11578947368421053,"15":0.08421052631578947,"16":0.09473684210526316,"17":0.11578947368421053,"18":0.06315789473684211,"19":0.021052631578947368,"20":0.0,"21":0.042105263157894736,"22":0.021052631578947368,"23":0.021052631578947368,"24":0.05263157894736842}