{"1":0.08333333333333333,"2":0.06481481481481481,"3":0.037037037037037035,"4":0.027777777777777776,"5":0.018518518518518517,"6":0.018518518518518517,"7":0.037037037037037035,"8":0.0,"9":0.0,"10":0.0,"11":0.009259259259259259,"12":0.0,"13":0.0,"14":0.05555555555555555,"15":0.009259259259259259,"16":0.07407407407407407,"17":0.08333333333333333,"18":0.07407407407407407,"19":0.1111111111111111,"20":0.08333333333333333,"21":0.10185185185185185,"22":0.027777777777777776,"23":0.037037037037037035,"24":0.046296296296296294}