{"1":0.07936507936507936,"2":0.047619047619047616,"3":0.06349206349206349,"4":0.047619047619047616,"5":0.12698412698412698,"6":0.06349206349206349,"7":0.07936507936507936,"8":0.015873015873015872,"9":0.015873015873015872,"10":0.0,"11":0.0,"12":0.0,"13":0.0,"14":0.015873015873015872,"15":0.015873015873015872,"16":0.031746031746031744,"17":0.047619047619047616,"18":0.031746031746031744,"19":0.031746031746031744,"20":0.12698412698412698,"21":0.015873015873015872,"22":0.047619047619047616,"23":0.015873015873015872,"24":0.07936507936507936}