{"1":0.0026595744680851063,"2":0.0,"3":0.0,"4":0.0,"5":0.0,"6":0.0,"7":0.0,"8":0.0,"9":0.005319148936170213,"10":0.125,"11":0.14095744680851063,"12":0.1356382978723404,"13":0.11170212765957446,"14":0.05319148936170213,"15":0.09042553191489362,"16":0.09308510638297872,"17":0.1196808510638298,"18":0.061170212765957445,"19":0.007978723404255319,"20":0.013297872340425532,"21":0.007978723404255319,"22":0.015957446808510637,"23":0.010638297872340425,"24":0.005319148936170213}