{"1":0.09174311926605505,"2":0.0,"3":0.0,"4":0.01834862385321101,"5":0.0,"6":0.0,"7":0.0,"8":0.0,"9":0.0,"10":0.009174311926605505,"11":0.009174311926605505,"12":0.09174311926605505,"13":0.0,"14":0.07339449541284404,"15":0.05504587155963303,"16":0.06422018348623854,"17":0.06422018348623854,"18":0.22018348623853212,"19":0.01834862385321101,"20":0.07339449541284404,"21":0.03669724770642202,"22":0.09174311926605505,"23":0.07339449541284404,"24":0.009174311926605505}